file_year,age_group,sex,race,claim_type,total_payment,mean_payment
2008,65-74,Female,Black,Inpatient,11583520,4496.708074534162
2008,65-74,Female,Black,Outpatient,4633230,1798.6141304347825
2008,65-74,Female,Black,PDE,7402120,2873.4937888198756
2008,65-74,Female,Hispanic,Inpatient,1690400,3635.2688172043013
2008,65-74,Female,Hispanic,Outpatient,563750,1212.3655913978494
2008,65-74,Female,Hispanic,PDE,1871460,4024.6451612903224
2008,65-74,Female,Other,Inpatient,4626800,3637.421383647799
2008,65-74,Female,Other,Outpatient,1899300,1493.1603773584907
2008,65-74,Female,Other,PDE,3662160,2879.056603773585
2008,65-74,Female,White,Inpatient,101123500,4583.189811457578
2008,65-74,Female,White,Outpatient,37604740,1704.3482596084118
2008,65-74,Female,White,PDE,58906470,2669.8001269035535
2008,65-74,Male,Black,Inpatient,8811800,4125.374531835206
2008,65-74,Male,Black,Outpatient,3022390,1414.9765917602997
2008,65-74,Male,Black,PDE,4426370,2072.2705992509364
2008,65-74,Male,Hispanic,Inpatient,1603700,4231.398416886544
2008,65-74,Male,Hispanic,Outpatient,484200,1277.5725593667546
2008,65-74,Male,Hispanic,PDE,982810,2593.166226912929
2008,65-74,Male,Other,Inpatient,3979200,3571.992818671454
2008,65-74,Male,Other,Outpatient,1446810,1298.7522441651706
2008,65-74,Male,Other,PDE,2605800,2339.138240574506
2008,65-74,Male,White,Inpatient,88147650,4510.907834808863
2008,65-74,Male,White,Outpatient,30807950,1576.5800112583797
2008,65-74,Male,White,PDE,42191170,2159.110076249936
2008,75-84,Female,Black,Inpatient,9997100,5884.108298999411
2008,75-84,Female,Black,Outpatient,3817300,2246.792230723955
2008,75-84,Female,Black,PDE,6005780,3534.89111241907
2008,75-84,Female,Hispanic,Inpatient,2426200,4941.344195519348
2008,75-84,Female,Hispanic,Outpatient,947880,1930.50916496945
2008,75-84,Female,Hispanic,PDE,2183100,4446.232179226069
2008,75-84,Female,Other,Inpatient,3120200,4363.916083916084
2008,75-84,Female,Other,Outpatient,1227890,1717.3286713286714
2008,75-84,Female,Other,PDE,2577710,3605.188811188811
2008,75-84,Female,White,Inpatient,99514340,6217.314756966138
2008,75-84,Female,White,Outpatient,34403240,2149.3964763213794
2008,75-84,Female,White,PDE,52028520,3250.5635386729978
2008,75-84,Male,Black,Inpatient,6232400,5868.549905838041
2008,75-84,Male,Black,Outpatient,2088180,1966.2711864406779
2008,75-84,Male,Black,PDE,2592350,2441.0075329566853
2008,75-84,Male,Hispanic,Inpatient,1531000,4556.547619047619
2008,75-84,Male,Hispanic,Outpatient,590630,1757.827380952381
2008,75-84,Male,Hispanic,PDE,1199090,3568.720238095238
2008,75-84,Male,Other,Inpatient,2302200,4118.425760286225
2008,75-84,Male,Other,Outpatient,928490,1660.9838998211092
2008,75-84,Male,Other,PDE,1916980,3429.3023255813955
2008,75-84,Male,White,Inpatient,77317270,6435.597636091227
2008,75-84,Male,White,Outpatient,24792710,2063.6515731646414
2008,75-84,Male,White,PDE,30213800,2514.882636923589
2008,85+,Female,Black,Inpatient,5397400,6479.471788715487
2008,85+,Female,Black,Outpatient,1755740,2107.731092436975
2008,85+,Female,Black,PDE,2811860,3375.582232893157
2008,85+,Female,Hispanic,Inpatient,1284900,6589.2307692307695
2008,85+,Female,Hispanic,Outpatient,314620,1613.4358974358975
2008,85+,Female,Hispanic,PDE,954870,4896.7692307692305
2008,85+,Female,Other,Inpatient,1506500,4607.033639143731
2008,85+,Female,Other,Outpatient,573220,1752.9663608562691
2008,85+,Female,Other,PDE,1258700,3849.2354740061164
2008,85+,Female,White,Inpatient,64072810,7388.469787822878
2008,85+,Female,White,Outpatient,21173990,2441.650138376384
2008,85+,Female,White,PDE,31376360,3618.122693726937
2008,85+,Male,Black,Inpatient,2049100,6403.4375
2008,85+,Male,Black,Outpatient,602690,1883.40625
2008,85+,Male,Black,PDE,927430,2898.21875
2008,85+,Male,Hispanic,Inpatient,852000,6042.553191489362
2008,85+,Male,Hispanic,Outpatient,202460,1435.886524822695
2008,85+,Male,Hispanic,PDE,534350,3789.7163120567375
2008,85+,Male,Other,Inpatient,716200,4001.117318435754
2008,85+,Male,Other,Outpatient,226140,1263.3519553072626
2008,85+,Male,Other,PDE,568140,3173.9664804469276
2008,85+,Male,White,Inpatient,32070130,7753.899903288201
2008,85+,Male,White,Outpatient,9691710,2343.2567698259186
2008,85+,Male,White,PDE,11791150,2850.8583172147
2008,<65,Female,Black,Inpatient,11650600,6376.9020251778875
2008,<65,Female,Black,Outpatient,4869210,2665.1395730706076
2008,<65,Female,Black,PDE,7326300,4010.016420361248
2008,<65,Female,Hispanic,Inpatient,1396300,4349.844236760125
2008,<65,Female,Hispanic,Outpatient,581210,1810.6230529595016
2008,<65,Female,Hispanic,PDE,1489580,4640.4361370716515
2008,<65,Female,Other,Inpatient,1508000,4501.492537313433
2008,<65,Female,Other,Outpatient,681410,2034.0597014925372
2008,<65,Female,Other,PDE,1164270,3475.4328358208954
2008,<65,Female,White,Inpatient,38850940,5932.346923194381
2008,<65,Female,White,Outpatient,14990110,2288.91586501756
2008,<65,Female,White,PDE,27128120,4142.330126736906
2008,<65,Male,Black,Inpatient,10407400,5506.560846560847
2008,<65,Male,Black,Outpatient,3940390,2084.862433862434
2008,<65,Male,Black,PDE,5515800,2918.4126984126983
2008,<65,Male,Hispanic,Inpatient,1865700,4652.618453865337
2008,<65,Male,Hispanic,Outpatient,704760,1757.506234413965
2008,<65,Male,Hispanic,PDE,1555540,3879.1521197007482
2008,<65,Male,Other,Inpatient,2171600,5050.232558139535
2008,<65,Male,Other,Outpatient,1191980,2772.046511627907
2008,<65,Male,Other,PDE,1313070,3053.6511627906975
2008,<65,Male,White,Inpatient,39453320,5355.411972308945
2008,<65,Male,White,Outpatient,13766380,1868.654811999457
2008,<65,Male,White,PDE,24461980,3320.4805212433826
2009,65-74,Female,Black,Inpatient,10594820,4429.272575250836
2009,65-74,Female,Black,Outpatient,4474750,1870.7148829431437
2009,65-74,Female,Black,PDE,6907210,2887.629598662207
2009,65-74,Female,Hispanic,Inpatient,1575400,3564.2533936651585
2009,65-74,Female,Hispanic,Outpatient,533950,1208.0316742081448
2009,65-74,Female,Hispanic,PDE,1777650,4021.8325791855204
2009,65-74,Female,Other,Inpatient,4238800,3682.7106863596873
2009,65-74,Female,Other,Outpatient,1692430,1470.3996524761078
2009,65-74,Female,Other,PDE,3253300,2826.498696785404
2009,65-74,Female,White,Inpatient,91855830,4576.316759665206
2009,65-74,Female,White,Outpatient,34570940,1722.3465524113192
2009,65-74,Female,White,PDE,54430650,2711.770127540853
2009,65-74,Male,Black,Inpatient,8413800,4167.310549777118
2009,65-74,Male,Black,Outpatient,2870720,1421.8524021792966
2009,65-74,Male,Black,PDE,4205620,2083.021297672115
2009,65-74,Male,Hispanic,Inpatient,1736700,4732.1525885558585
2009,65-74,Male,Hispanic,Outpatient,487740,1328.991825613079
2009,65-74,Male,Hispanic,PDE,996410,2715.013623978202
2009,65-74,Male,Other,Inpatient,3754200,3592.535885167464
2009,65-74,Male,Other,Outpatient,1378380,1319.0239234449762
2009,65-74,Male,Other,PDE,2460660,2354.6985645933014
2009,65-74,Male,White,Inpatient,81377050,4565.588532315978
2009,65-74,Male,White,Outpatient,28461370,1596.800381508079
2009,65-74,Male,White,PDE,39186710,2198.5362432675047
2009,75-84,Female,Black,Inpatient,10660500,6084.760273972603
2009,75-84,Female,Black,Outpatient,3881770,2215.6221461187215
2009,75-84,Female,Black,PDE,6234700,3558.6187214611873
2009,75-84,Female,Hispanic,Inpatient,2191200,4826.431718061674
2009,75-84,Female,Hispanic,Outpatient,892720,1966.3436123348017
2009,75-84,Female,Hispanic,PDE,1979960,4361.145374449339
2009,75-84,Female,Other,Inpatient,3144200,4148.02110817942
2009,75-84,Female,Other,Outpatient,1350590,1781.7810026385225
2009,75-84,Female,Other,PDE,2834360,3739.261213720317
2009,75-84,Female,White,Inpatient,99469710,6111.810138248848
2009,75-84,Female,White,Outpatient,34798880,2138.1800307219664
2009,75-84,Female,White,PDE,52761930,3241.900460829493
2009,75-84,Male,Black,Inpatient,6484100,5804.923903312444
2009,75-84,Male,Black,Outpatient,2092670,1873.4735899731425
2009,75-84,Male,Black,PDE,2710790,2426.8487018800356
2009,75-84,Male,Hispanic,Inpatient,1379000,4363.9240506329115
2009,75-84,Male,Hispanic,Outpatient,558530,1767.5
2009,75-84,Male,Hispanic,PDE,1138310,3602.246835443038
2009,75-84,Male,Other,Inpatient,2459200,4168.135593220339
2009,75-84,Male,Other,Outpatient,958580,1624.7118644067796
2009,75-84,Male,Other,PDE,2025390,3432.864406779661
2009,75-84,Male,White,Inpatient,78513870,6269.072979878633
2009,75-84,Male,White,Outpatient,25081710,2002.6916320664325
2009,75-84,Male,White,PDE,31340430,2502.4297349089748
2009,85+,Female,Black,Inpatient,6187700,6479.267015706806
2009,85+,Female,Black,Outpatient,2068370,2165.832460732984
2009,85+,Female,Black,PDE,3276280,3430.6596858638745
2009,85+,Female,Hispanic,Inpatient,1640900,6485.770750988142
2009,85+,Female,Hispanic,Outpatient,409330,1617.905138339921
2009,85+,Female,Hispanic,PDE,1277850,5050.790513833992
2009,85+,Female,Other,Inpatient,1912500,4805.276381909548
2009,85+,Female,Other,Outpatient,699210,1756.8090452261306
2009,85+,Female,Other,PDE,1517410,3812.5879396984924
2009,85+,Female,White,Inpatient,74439010,7490.341114912458
2009,85+,Female,White,Outpatient,24276400,2442.7852686657275
2009,85+,Female,White,PDE,36025750,3625.0503119339905
2009,85+,Male,Black,Inpatient,2721400,6653.7897310513445
2009,85+,Male,Black,Outpatient,842440,2059.755501222494
2009,85+,Male,Black,PDE,1191630,2913.520782396088
2009,85+,Male,Hispanic,Inpatient,1022000,6011.764705882353
2009,85+,Male,Hispanic,Outpatient,254080,1494.5882352941176
2009,85+,Male,Hispanic,PDE,639070,3759.235294117647
2009,85+,Male,Other,Inpatient,930200,4190.09009009009
2009,85+,Male,Other,Outpatient,300770,1354.8198198198197
2009,85+,Male,Other,PDE,679040,3058.738738738739
2009,85+,Male,White,Inpatient,39118730,7692.96558505408
2009,85+,Male,White,Outpatient,12152390,2389.850540806293
2009,85+,Male,White,PDE,14479230,2847.439528023599
2009,<65,Female,Black,Inpatient,11138600,6449.6815286624205
2009,<65,Female,Black,Outpatient,4567630,2644.8349739432542
2009,<65,Female,Black,PDE,7065660,4091.2912565141864
2009,<65,Female,Hispanic,Inpatient,1378300,4431.832797427653
2009,<65,Female,Hispanic,Outpatient,571120,1836.3987138263665
2009,<65,Female,Hispanic,PDE,1453810,4674.630225080386
2009,<65,Female,Other,Inpatient,1409000,4681.063122923588
2009,<65,Female,Other,Outpatient,633730,2105.4152823920267
2009,<65,Female,Other,PDE,1043310,3466.1461794019933
2009,<65,Female,White,Inpatient,36906040,5986.381184103811
2009,<65,Female,White,Outpatient,14194390,2302.4152473641525
2009,<65,Female,White,PDE,25841500,4191.646390916464
2009,<65,Male,Black,Inpatient,9809400,5501.626472237802
2009,<65,Male,Black,Outpatient,3831880,2149.119461581604
2009,<65,Male,Black,PDE,5322650,2985.2215367358385
2009,<65,Male,Hispanic,Inpatient,1702700,4457.3298429319375
2009,<65,Male,Hispanic,Outpatient,679470,1778.717277486911
2009,<65,Male,Hispanic,PDE,1487530,3894.057591623037
2009,<65,Male,Other,Inpatient,2025600,5038.805970149254
2009,<65,Male,Other,Outpatient,1155150,2873.507462686567
2009,<65,Male,Other,PDE,1234580,3071.094527363184
2009,<65,Male,White,Inpatient,37239520,5366.6983715232745
2009,<65,Male,White,Outpatient,13081950,1885.2788586251622
2009,<65,Male,White,PDE,23361760,3366.7329586395736
