file_year,age_group,sex,race,claim_type,total_events,mean_events
2008,65-74,Female,Black,Inpatient,1189,0.46156832298136646
2008,65-74,Female,Black,Outpatient,15041,5.83889751552795
2008,65-74,Female,Black,PDE,122515,47.56017080745342
2008,65-74,Female,Hispanic,Inpatient,173,0.3720430107526882
2008,65-74,Female,Hispanic,Outpatient,2517,5.412903225806452
2008,65-74,Female,Hispanic,PDE,30184,64.91182795698924
2008,65-74,Female,Other,Inpatient,449,0.3529874213836478
2008,65-74,Female,Other,Outpatient,6437,5.060534591194968
2008,65-74,Female,Other,PDE,60281,47.390723270440255
2008,65-74,Female,White,Inpatient,10382,0.470540246555475
2008,65-74,Female,White,Outpatient,140875,6.384835025380711
2008,65-74,Female,White,PDE,983719,44.58479876722262
2008,65-74,Male,Black,Inpatient,926,0.43352059925093633
2008,65-74,Male,Black,Outpatient,10905,5.105337078651686
2008,65-74,Male,Black,PDE,74056,34.670411985018724
2008,65-74,Male,Hispanic,Inpatient,151,0.39841688654353563
2008,65-74,Male,Hispanic,Outpatient,1633,4.308707124010554
2008,65-74,Male,Hispanic,PDE,16646,43.92084432717678
2008,65-74,Male,Other,Inpatient,402,0.3608617594254937
2008,65-74,Male,Other,Outpatient,4976,4.466786355475763
2008,65-74,Male,Other,PDE,44805,40.21992818671454
2008,65-74,Male,White,Inpatient,9058,0.4635382017296965
2008,65-74,Male,White,Outpatient,114055,5.836702318202753
2008,65-74,Male,White,PDE,707831,36.22286474591884
2008,75-84,Female,Black,Inpatient,1077,0.6339022954679223
2008,75-84,Female,Black,Outpatient,11985,7.0541494997057095
2008,75-84,Female,Black,PDE,98581,58.02295467922307
2008,75-84,Female,Hispanic,Inpatient,259,0.5274949083503055
2008,75-84,Female,Hispanic,Outpatient,3352,6.826883910386965
2008,75-84,Female,Hispanic,PDE,36564,74.46843177189409
2008,75-84,Female,Other,Inpatient,307,0.42937062937062936
2008,75-84,Female,Other,Outpatient,4674,6.537062937062937
2008,75-84,Female,Other,PDE,43494,60.83076923076923
2008,75-84,Female,White,Inpatient,10398,0.649631388229414
2008,75-84,Female,White,Outpatient,121038,7.562039235286767
2008,75-84,Female,White,PDE,853380,53.316256403848556
2008,75-84,Male,Black,Inpatient,641,0.603578154425612
2008,75-84,Male,Black,Outpatient,6490,6.111111111111111
2008,75-84,Male,Black,PDE,42917,40.411487758945384
2008,75-84,Male,Hispanic,Inpatient,158,0.47023809523809523
2008,75-84,Male,Hispanic,Outpatient,1910,5.684523809523809
2008,75-84,Male,Hispanic,PDE,20002,59.529761904761905
2008,75-84,Male,Other,Inpatient,260,0.46511627906976744
2008,75-84,Male,Other,Outpatient,3469,6.205724508050089
2008,75-84,Male,Other,PDE,31189,55.79427549194991
2008,75-84,Male,White,Inpatient,7800,0.6492425503579158
2008,75-84,Male,White,Outpatient,87284,7.265190610953887
2008,75-84,Male,White,PDE,499237,41.55460296320959
2008,85+,Female,Black,Inpatient,600,0.7202881152460985
2008,85+,Female,Black,Outpatient,5796,6.957983193277311
2008,85+,Female,Black,PDE,45962,55.1764705882353
2008,85+,Female,Hispanic,Inpatient,134,0.6871794871794872
2008,85+,Female,Hispanic,Outpatient,1231,6.312820512820513
2008,85+,Female,Hispanic,PDE,15451,79.23589743589744
2008,85+,Female,Other,Inpatient,169,0.5168195718654435
2008,85+,Female,Other,Outpatient,2027,6.198776758409786
2008,85+,Female,Other,PDE,20219,61.83180428134557
2008,85+,Female,White,Inpatient,6843,0.7890913284132841
2008,85+,Female,White,Outpatient,71392,8.232472324723247
2008,85+,Female,White,PDE,504390,58.16305350553505
2008,85+,Male,Black,Inpatient,239,0.746875
2008,85+,Male,Black,Outpatient,2068,6.4625
2008,85+,Male,Black,PDE,15370,48.03125
2008,85+,Male,Hispanic,Inpatient,87,0.6170212765957447
2008,85+,Male,Hispanic,Outpatient,816,5.787234042553192
2008,85+,Male,Hispanic,PDE,9210,65.31914893617021
2008,85+,Male,Other,Inpatient,88,0.49162011173184356
2008,85+,Male,Other,Outpatient,868,4.849162011173185
2008,85+,Male,Other,PDE,9254,51.69832402234637
2008,85+,Male,White,Inpatient,3461,0.8367988394584139
2008,85+,Male,White,Outpatient,33016,7.982591876208898
2008,85+,Male,White,PDE,190941,46.16561895551257
2008,<65,Female,Black,Inpatient,1244,0.6808976464148878
2008,<65,Female,Black,Outpatient,14746,8.071154898741106
2008,<65,Female,Black,PDE,114835,62.8544061302682
2008,<65,Female,Hispanic,Inpatient,156,0.48598130841121495
2008,<65,Female,Hispanic,Outpatient,2129,6.632398753894081
2008,<65,Female,Hispanic,PDE,22886,71.29595015576324
2008,<65,Female,Other,Inpatient,190,0.5671641791044776
2008,<65,Female,Other,Outpatient,2214,6.608955223880597
2008,<65,Female,Other,PDE,17839,53.25074626865672
2008,<65,Female,White,Inpatient,4181,0.6384180790960452
2008,<65,Female,White,Outpatient,51107,7.803786837685143
2008,<65,Female,White,PDE,417385,63.73263093602077
2008,<65,Male,Black,Inpatient,1086,0.5746031746031746
2008,<65,Male,Black,Outpatient,11730,6.2063492063492065
2008,<65,Male,Black,PDE,86651,45.84708994708995
2008,<65,Male,Hispanic,Inpatient,182,0.4538653366583541
2008,<65,Male,Hispanic,Outpatient,2540,6.334164588528679
2008,<65,Male,Hispanic,PDE,23345,58.21695760598504
2008,<65,Male,Other,Inpatient,225,0.5232558139534884
2008,<65,Male,Other,Outpatient,2814,6.544186046511628
2008,<65,Male,Other,PDE,19864,46.1953488372093
2008,<65,Male,White,Inpatient,4258,0.5779828967015067
2008,<65,Male,White,Outpatient,49655,6.74019275145921
2008,<65,Male,White,PDE,373418,50.687932672729744
2009,65-74,Female,Black,Inpatient,1089,0.4552675585284281
2009,65-74,Female,Black,Outpatient,14159,5.919314381270903
2009,65-74,Female,Black,PDE,114194,47.73996655518395
2009,65-74,Female,Hispanic,Inpatient,164,0.37104072398190047
2009,65-74,Female,Hispanic,Outpatient,2374,5.3710407239819
2009,65-74,Female,Hispanic,PDE,28687,64.9027149321267
2009,65-74,Female,Other,Inpatient,403,0.3501303214596003
2009,65-74,Female,Other,Outpatient,5857,5.088618592528237
2009,65-74,Female,Other,PDE,53896,46.82536924413554
2009,65-74,Female,White,Inpatient,9418,0.469210840972499
2009,65-74,Female,White,Outpatient,129023,6.428009166998804
2009,65-74,Female,White,PDE,907207,45.19763850139498
2009,65-74,Male,Black,Inpatient,880,0.43585933630510154
2009,65-74,Male,Black,Outpatient,10374,5.1381872213967315
2009,65-74,Male,Black,PDE,70614,34.974739970282315
2009,65-74,Male,Hispanic,Inpatient,158,0.4305177111716621
2009,65-74,Male,Hispanic,Outpatient,1647,4.487738419618529
2009,65-74,Male,Hispanic,PDE,16622,45.29155313351499
2009,65-74,Male,Other,Inpatient,382,0.36555023923444974
2009,65-74,Male,Other,Outpatient,4665,4.464114832535885
2009,65-74,Male,Other,PDE,42015,40.20574162679426
2009,65-74,Male,White,Inpatient,8324,0.46701077199281865
2009,65-74,Male,White,Outpatient,104636,5.870511669658887
2009,65-74,Male,White,PDE,654991,36.74769973070018
2009,75-84,Female,Black,Inpatient,1143,0.6523972602739726
2009,75-84,Female,Black,Outpatient,12499,7.1341324200913245
2009,75-84,Female,Black,PDE,102127,58.291666666666664
2009,75-84,Female,Hispanic,Inpatient,231,0.5088105726872246
2009,75-84,Female,Hispanic,Outpatient,3085,6.795154185022026
2009,75-84,Female,Hispanic,PDE,33299,73.34581497797357
2009,75-84,Female,Other,Inpatient,326,0.43007915567282323
2009,75-84,Female,Other,Outpatient,4897,6.46042216358839
2009,75-84,Female,Other,PDE,47104,62.142480211081796
2009,75-84,Female,White,Inpatient,10436,0.6412288786482335
2009,75-84,Female,White,Outpatient,123315,7.576958525345622
2009,75-84,Female,White,PDE,867565,53.306605222734255
2009,75-84,Male,Black,Inpatient,653,0.5846016114592659
2009,75-84,Male,Black,Outpatient,6725,6.020590868397493
2009,75-84,Male,Black,PDE,44939,40.23187108325873
2009,75-84,Male,Hispanic,Inpatient,141,0.4462025316455696
2009,75-84,Male,Hispanic,Outpatient,1810,5.727848101265823
2009,75-84,Male,Hispanic,PDE,18838,59.61392405063291
2009,75-84,Male,Other,Inpatient,271,0.45932203389830506
2009,75-84,Male,Other,Outpatient,3621,6.13728813559322
2009,75-84,Male,Other,PDE,33168,56.21694915254237
2009,75-84,Male,White,Inpatient,8002,0.638933248163526
2009,75-84,Male,White,Outpatient,90263,7.207202171830086
2009,75-84,Male,White,PDE,519671,41.494011497923985
2009,85+,Female,Black,Inpatient,685,0.7172774869109948
2009,85+,Female,Black,Outpatient,6773,7.092146596858639
2009,85+,Female,Black,PDE,53713,56.24397905759162
2009,85+,Female,Hispanic,Inpatient,174,0.6877470355731226
2009,85+,Female,Hispanic,Outpatient,1673,6.612648221343873
2009,85+,Female,Hispanic,PDE,20652,81.62845849802372
2009,85+,Female,Other,Inpatient,205,0.5150753768844221
2009,85+,Female,Other,Outpatient,2553,6.414572864321608
2009,85+,Female,Other,PDE,24567,61.72613065326633
2009,85+,Female,White,Inpatient,7860,0.7909036023344738
2009,85+,Female,White,Outpatient,82274,8.278728114308715
2009,85+,Female,White,PDE,580171,58.37905011068626
2009,85+,Male,Black,Inpatient,321,0.784841075794621
2009,85+,Male,Black,Outpatient,2742,6.704156479217604
2009,85+,Male,Black,PDE,19550,47.79951100244499
2009,85+,Male,Hispanic,Inpatient,107,0.6294117647058823
2009,85+,Male,Hispanic,Outpatient,996,5.858823529411764
2009,85+,Male,Hispanic,PDE,11235,66.08823529411765
2009,85+,Male,Other,Inpatient,113,0.509009009009009
2009,85+,Male,Other,Outpatient,1162,5.2342342342342345
2009,85+,Male,Other,PDE,11080,49.909909909909906
2009,85+,Male,White,Inpatient,4149,0.815929203539823
2009,85+,Male,White,Outpatient,41030,8.06882989183874
2009,85+,Male,White,PDE,235746,46.36106194690265
2009,<65,Female,Black,Inpatient,1188,0.6878980891719745
2009,<65,Female,Black,Outpatient,13957,8.081644470179501
2009,<65,Female,Black,PDE,110729,64.11638679791547
2009,<65,Female,Hispanic,Inpatient,152,0.4887459807073955
2009,<65,Female,Hispanic,Outpatient,2092,6.726688102893891
2009,<65,Female,Hispanic,PDE,22303,71.71382636655949
2009,<65,Female,Other,Inpatient,175,0.5813953488372093
2009,<65,Female,Other,Outpatient,2028,6.737541528239203
2009,<65,Female,Other,PDE,15985,53.1063122923588
2009,<65,Female,White,Inpatient,3990,0.6472019464720195
2009,<65,Female,White,Outpatient,48781,7.91257096512571
2009,<65,Female,White,PDE,397623,64.49683698296838
2009,<65,Male,Black,Inpatient,1032,0.5787997756590016
2009,<65,Male,Black,Outpatient,11285,6.329220415030847
2009,<65,Male,Black,PDE,83457,46.807066741447
2009,<65,Male,Hispanic,Inpatient,170,0.44502617801047123
2009,<65,Male,Hispanic,Outpatient,2427,6.353403141361256
2009,<65,Male,Hispanic,PDE,22315,58.416230366492144
2009,<65,Male,Other,Inpatient,209,0.5199004975124378
2009,<65,Male,Other,Outpatient,2677,6.659203980099503
2009,<65,Male,Other,PDE,18767,46.68407960199005
2009,<65,Male,White,Inpatient,4035,0.5814958927799395
2009,<65,Male,White,Outpatient,47304,6.817120622568093
2009,<65,Male,White,PDE,356368,51.357256088773596
